<?xml version="1.0" encoding="UTF-8"?>
<!DOCTYPE mapper
	PUBLIC "-//mybatis.org//DTD Mapper 3.0//EN"
	"http://mybatis.org/dtd/mybatis-3-mapper.dtd" >
<mapper namespace="final_project.dao.GanttDao">
	<resultMap type="tasks" id="taskRs">
		<result property="level" column="lev"/>
		<result property="start" column="star"/>
	</resultMap>
	<resultMap type="assigs" id="asRs"/>
	<resultMap type="resources" id="reRs"/>
	<resultMap type="roles" id="roRs"/>
	<resultMap type="dti" id="dtiRs"/>
	<resultMap type="gantt" id="gntRs"/>
	
	<select id="getproco" resultMap="gntRs">
		SELECT * FROM gantt ORDER BY pro_co DESC
	</select>
	
	<select id="getTproco" resultType="long">
		SELECT gpro_seq.currval FROM dual
	</select>
	
	<update id="uptpname" parameterType="long">
		UPDATE gantt
		SET pname = (SELECT name 
					FROM tasks
					WHERE lev=0
					AND pro_co = #{value})
		WHERE pro_co = #{value}
	</update>
	
	<!-- ArrayList<Tasks> tlist() -->
	<select id="tlist" resultMap="taskRs" parameterType="long">
		SELECT * FROM tasks
		WHERE pro_co = #{value}
		ORDER BY id DESC
	</select>
	
<!-- 	public ArrayList<Assigs> getAssigs(String refId) -->
	<select id="getAssigs" resultMap="asRs" parameterType="long">
		SELECT * FROM assigs
		WHERE tid = #{0}
		AND pro_co = #{1}
		ORDER BY id ASC
	</select>
	
<!-- 	public ArrayList<Resources> relist() -->
	<select id="relist" resultMap="reRs">
		SELECT * FROM RESOURCES
		ORDER BY id ASC
	</select>
	
<!-- 	public ArrayList<roless> rolist() -->
	<select id="rolist" resultMap="roRs">
		SELECT * FROM roles
	</select>
	
<!-- 	public ArrayList<DeletedTaskIds> dlist() -->
	<select id="dlist" resultMap="dtiRs" parameterType="long">
		SELECT * FROM DELETEDTASKIDS
		WHERE pro_co=#{value}
	</select>
	
<!-- 	public Gantt glist() -->
	<select id="glist" resultType="gantt" parameterType="long">
		SELECT * FROM gantt 
		WHERE pro_co = #{value}
	</select>
	
	<insert id="insertGantt">
		INSERT INTO gantt(pro_co) VALUES(gpro_seq.nextval)
	</insert>
	
	<insert id="insertNewTasks" parameterType="tasks">
		INSERT INTO tasks VALUES (
			gpro_seq.currval,
			#{id},
			#{name},
			#{code},
			#{level},
			#{status},
			#{start},
			#{duration},
			#{end},
			#{startIsMilestone},
			#{endIsMilestone},
			#{depends},
			#{description},
			#{progress}
		)
	</insert>
	
	<insert id="insertNewAssigs" parameterType="assigs">
		INSERT INTO assigs VALUES (
			gpro_seq.currval,
			#{tid},
			#{resourceId},
			#{id},
			#{roleId},
			#{effort}
		)
	</insert>
	
	<insert id="insertNormalTasks" parameterType="tasks">
		INSERT INTO tasks VALUES (
			#{pro_co},
			#{id,jdbcType=VARCHAR},
			#{name,jdbcType=VARCHAR},
			#{code,jdbcType=VARCHAR},
			#{level},
			#{status,jdbcType=VARCHAR},
			#{start},
			#{duration},
			#{end},
			#{startIsMilestone},
			#{endIsMilestone},
			#{depends,jdbcType=VARCHAR},
			#{description,jdbcType=VARCHAR},
			#{progress}
		)
	</insert>
	
	<insert id="insertNormalResources" parameterType="resources">
		INSERT INTO resources VALUES (
			#{id},
			#{name}
		)
	</insert>
	
	<insert id="insertNormalAssigs" parameterType="assigs">
		INSERT INTO assigs VALUES (
			#{pro_co},
			#{tid},
			#{resourceId},
			#{id},
			#{roleId},
			#{effort}
		)
	</insert>
	 
	 <delete id="deleteGantt" parameterType="long">
	 	DELETE FROM gantt
	 	WHERE pro_co=#{value}
	 </delete>
	 
	 <delete id="deleteTasks" parameterType="long">
	 	DELETE FROM tasks
	 	WHERE pro_co=#{value}
	 </delete>
	 
	 <delete id="deleteAssigs" parameterType="long">
	 	DELETE FROM assigs
	 	WHERE pro_co=#{value}
	 </delete>
	 
	 <delete id="deleteResources">
	 	DELETE FROM resources
	 </delete>
	 
	 <delete id="deleteDeletedId" parameterType="long">
	 	DELETE FROM deletedTaskIds
	 	WHERE pro_co=#{value}
	 </delete>

</mapper>