<?xml version="1.0" encoding="UTF-8"?>
<!DOCTYPE mapper
	PUBLIC "-//mybatis.org//DTD Mapper 3.0//EN"
	"http://mybatis.org/dtd/mybatis-3-mapper.dtd" >
<mapper namespace="final_project.dao.IssueDao">
	<resultMap type="issue" id="issueRs"/>
	<resultMap type="member" id="memberRs"/>
	<select id="getCount" resultType="int" parameterType="sch">
		SELECT COUNT(*)
		FROM issue
		WHERE 1=1
		<if test="keyword != null and keyword != ''">
			<if test="schType == 'title'">
				AND title LIKE '%'|| #{ keyword } ||'%'
			</if>
		</if>
		<if test="keyword != null and keyword != ''">
			<if test="schType == 'name'">
				AND name LIKE '%'|| #{ keyword } ||'%'
			</if>
		</if>
		START WITH refno = 0
		CONNECT BY PRIOR no = refno
		ORDER siblings BY no DESC
	</select>
	
	<!-- <select id="issueList" resultMap="issueRs" parameterType="issue">
		SELECT *
		FROM issue
		WHERE 1=1
		<if test="title != null and title != ''">
			AND title LIKE '%'|| #{ title }  ||'%'
		</if>
		<if test="name != null and name != ''">
			AND name LIKE '%'|| #{ name } ||'%'
		</if>
	</select> -->
	
	<select id="issueList" resultMap="issueRs" parameterType="sch">
		SELECT *
		FROM( 
			SELECT DECODE(TO_CHAR(SYSDATE, 'YYMMDD'), TO_CHAR(i.ins_date, 'YYMMDD'), 1, 0) nw, ROWNUM rn, LEVEL,
			i.issue_co, i.name, i.title, i.important, i.manager, i.ins_date, i.issue_sts
			FROM issue i, member m
			WHERE 1=1
			<if test="schType == 'title' and keyword != null and keyword != ''">
				AND i.title LIKE '%'|| #{ keyword } ||'%'
			</if>
			<if test="schType == 'name' and keyword != null and keyword != ''">
				AND i.name LIKE '%'|| #{ keyword } ||'%'
			</if>
			AND i.mem_co = m.mem_co
			START WITH i.refno = 0
			CONNECT BY PRIOR i.no = i.refno
			ORDER siblings BY i.no desc
		)
		WHERE rn BETWEEN #{ start }
		AND #{ end }
	</select>
	
	<select id="getIssue" resultType="issue" parameterType="String">
		SELECT *
		FROM issue
		WHERE issue_co = #{ issue_co }
	</select>
	
	<select id="getManager" resultMap="memberRs">
		SELECT mem_sort, name
		FROM MEMBER
		WHERE mem_sort = 'pm'
		OR mem_sort = 'member'
	</select>
	
	<insert id="insertIssue" parameterType="issue">
		INSERT INTO issue
		VALUES('I-'||iss_seq.nextval, (SELECT mem_co FROM member WHERE name = #{ name }), #{ title }, #{ important }, 
		#{ manager }, #{ content }, #{ ins_date }, (SELECT name FROM member WHERE name = #{ name }), no_seq.nextval,
		 #{ refno }, #{ issue_sts })
	</insert>
	
	<insert id="insertRef" parameterType="issue">
		INSERT INTO issue(issue_co, mem_co, title, important, content, name, no, refno)
		VALUES('I-'||iss_seq.nextval, (SELECT mem_co FROM member WHERE name = #{ name }), #{ title }, #{ important }, #{ content }, (SELECT name FROM member WHERE name = #{ name }), no_seq.nextval, #{ refno })
	</insert>
	
	<update id="updateIssue" parameterType="issue">
		UPDATE issue
		SET title = #{ title }, manager = #{ manager }, important = #{ important }, ins_date = #{ ins_date }, content = #{ content }
		WHERE issue_co = #{ issue_co }
	</update>
	
	<update id="updateRef" parameterType="issue">
		UPDATE issue
		SET title = #{ title }, manager = #{ manager }, important = #{ important }, content = #{ content }
		WHERE issue_co = #{ issue_co }
	</update>
	
	<update id="success" parameterType="String">
		UPDATE issue
		SET issue_sts = '이슈 해결 완료'
		WHERE issue_co = #{ issue_co }
	</update>
	
	<delete id="deleteIssue" parameterType="String">
		DELETE FROM issue
		WHERE issue_co = #{ issue_co }
	</delete>
	
	<insert id="fileUpload" parameterType="ifile">
		INSERT INTO att_file
		VALUES('I-'||att_seq.nextval, #{ file_name }, #{ org_name })
	</insert>
	
	<select id="getFile" resultType="ifile" parameterType="String">
		SELECT *
		FROM att_file
		WHERE file_co = (SELECT issue_co FROM issue WHERE issue_co = #{ issue_co })
	</select>
	
	<update id="updateFile" parameterType="ifile">
		MERGE INTO att_file f
		USING DUAL
		ON (f.file_co = #{ file_co })
		WHEN MATCHED THEN
			UPDATE SET file_name = #{ file_name }
		WHEN NOT MATCHED THEN
			INSERT VALUES(#{ file_co }, #{ file_name }, #{ org_name })
	</update>
</mapper>