<?xml version="1.0" encoding="UTF-8"?>
<!DOCTYPE mapper
	PUBLIC "-//mybatis.org//DTD Mapper 3.0//EN"
	"http://mybatis.org/dtd/mybatis-3-mapper.dtd" >
<mapper namespace="final_project.dao.MemberDao">
	<resultMap type="member" id="memberRs"/>
	<resultMap type="issue" id="issueRs"/>
	<resultMap type="task" id="taskRs"/>
	
	<select id="memlogin" resultType="member" parameterType="String">
		SELECT *
		FROM member
		WHERE id = #{ id }
	</select>
	
	<select id="getIsCount" resultType="int" parameterType="sch">
		SELECT COUNT(*)
		FROM issue
		START WITH refno = 0
		CONNECT BY PRIOR no = refno
		ORDER siblings BY no DESC
	</select>
	
	<select id="issueList" resultMap="issueRs" parameterType="sch">
		SELECT *
		FROM( 
			SELECT DECODE(TO_CHAR(SYSDATE, 'YYMMDD'), TO_CHAR(i.ins_date, 'YYMMDD'), 1, 0) nw, ROWNUM rn, LEVEL,
			i.issue_co, i.name, i.title, i.important, i.manager, i.ins_date, i.issue_sts
			FROM issue i, member m
			WHERE i.mem_co = m.mem_co
			START WITH i.refno = 0
			CONNECT BY PRIOR i.no = i.refno
			ORDER siblings BY i.no desc
		)
		WHERE rn BETWEEN #{ start }
		AND #{ end }
	</select>
	
	<select id="getTasCount" resultType="int" parameterType="sch">
		SELECT COUNT(*)
		FROM task t
	</select>
	
	<select id="tlist" resultMap="taskRs" parameterType="sch">
		SELECT *
		FROM(
			SELECT ROWNUM rn, t.task_name, m.name, t.pro_state, t.sort, t.task_rank, t.task_sdate, t.deadline, t.task_co, p.PRO_CO, p.pro_title
			FROM task t 
				LEFT OUTER JOIN "MEMBER" m ON t.MEM_CO = m.MEM_CO
				LEFT OUTER JOIN project p ON t.PRO_CO = p.PRO_CO
			ORDER BY pro_statenum, TASK_RANK, DEADLINE
		)
		WHERE rn BETWEEN #{ start }
		AND #{ end }
	</select>
</mapper>