<?xml version="1.0" encoding="UTF-8"?>
<!DOCTYPE mapper
	PUBLIC "-//mybatis.org//DTD Mapper 3.0//EN"
	"http://mybatis.org/dtd/mybatis-3-mapper.dtd" >
<mapper namespace="final_project.dao.MyWorkDao">
	<resultMap type="project" id="projectRs"/>
	<resultMap type="task" id="taskRs"/>
	<resultMap type="issue" id="issueRs"/>
	
	<select id="getProject" resultMap="projectRs" parameterType="project">
		SELECT DISTINCT p.*
		FROM project p, task t
		WHERE p.pro_co = t.pro_co
		AND t.name = (SELECT name FROM MEMBER WHERE mem_co = #{ mem_co })
		OR p.name = (SELECT name FROM MEMBER WHERE mem_co = #{ mem_co })
	</select>
	
	<select id="getTask" resultMap="taskRs" parameterType="task">
		SELECT t.*, m.name, (SELECT pro_title FROM project WHERE pro_co = ANY (SELECT t.pro_co FROM task WHERE m.mem_co = #{ mem_co })) pro_title
		FROM task t, MEMBER m
		WHERE t.mem_co = m.mem_co
		AND t.mem_co = #{ mem_co }
		AND m.name = (SELECT name FROM MEMBER WHERE mem_co = #{ mem_co })
	</select>
	
	<select id="getIssue" resultMap="issueRs" parameterType="issue">
		SELECT DECODE(TO_CHAR(SYSDATE, 'YYMMDD'), TO_CHAR(i.ins_date, 'YYMMDD'), 1, 0) nw, LEVEL, i.*
		FROM issue i, MEMBER m
		WHERE i.mem_co = #{ mem_co }
		AND m.name = (SELECT name FROM MEMBER WHERE mem_co = #{ mem_co })
		AND i.mem_co = m.mem_co
		START WITH i.refno = 0
		CONNECT BY PRIOR i.no = i.refno
		ORDER siblings BY i.no desc
	</select>
	
	<select id="getProjectDet" resultType="project" parameterType="String">
		SELECT *
		FROM project
		WHERE pro_co = #{ pro_co }
	</select>
	
	<update id="updateProject" parameterType="project">
		UPDATE project
		SET pro_title = #{ pro_title }, name = #{ name }, pro_gress = #{ pro_gress }, last_date = #{ last_date }
		WHERE pro_co = #{ pro_co }
	</update>
	
	<select id="getTaskDet" resultType="task" parameterType="String">
		SELECT *
		FROM task
		WHERE task_co = #{ task_co }
	</select>
	
	<update id="updateTask" parameterType="task">
		UPDATE TASK
		SET pro_title = #{ pro_title }, name = #{ name }, task_rank = #{ task_rank }, 
			task_name = #{ task_name }, sort = #{ sort }, pro_state = #{ pro_state }, 
			pro_statenum = #{ pro_statenum }, difficulty = #{ difficulty }, 
			task_sdate = #{ task_sdate }, deadline = #{ deadline }
		WHERE task_co = #{ task_co }
	</update>
	
	<select id="getFile" resultType="tfile" parameterType="String">
		SELECT t.TASK_FILE_CO task_co, t.TASK_FILE_NAME, t.TASK_FILE_CONTENT
		FROM task_file t
		WHERE task_file_co = (SELECT task_co FROM task WHERE task_co = #{ task_co })
	</select>
	
	<update id="updateFile" parameterType="tfile">
		MERGE INTO task_file t
		USING DUAL
		ON (t.task_file_co = #{ task_file_co })
		WHEN MATCHED THEN
			UPDATE SET task_file_name = #{ task_file_name }
		WHEN NOT MATCHED THEN
			INSERT VALUES(#{ task_file_co }, #{ task_file_name }, #{ task_file_content })
	</update>
</mapper>