<?xml version="1.0" encoding="UTF-8"?>
<!DOCTYPE mapper
	PUBLIC "-//mybatis.org//DTD Mapper 3.0//EN"
	"http://mybatis.org/dtd/mybatis-3-mapper.dtd">
<mapper namespace="final_project.dao.schedulerDao">
	<resultMap type="scheduler" id="schedulerResult">
		<result column="begin2" property="start"/>
		<result column="end2" property="end"/>
		<result column="task_name" property="title"/>
		<result column="backgroundColor" property="color"/>
	</resultMap>
	<select id="list" resultMap="schedulerResult">
		select * from scheduler
	</select>
	<insert id="insertScheduler" parameterType="scheduler">
		INSERT INTO scheduler VALUES(
			sche_seq.nextval,
			#{title},
			#{name},
			#{content},
			#{pro_state},
			#{start},
			#{end},
			#{color},
			#{textColor},
			#{allDay}
		)
	</insert>
	<update id="updateScheduler" parameterType="scheduler">
		UPDATE scheduler
		SET task_name =#{title},
			name =#{name},
			content =#{content},
			pro_state =#{pro_state},
			BEGIN2 =#{start},
			END2 =#{end},
			backgroundColor =#{color},
			textColor =#{textColor},
			allDay =#{allDay}
		WHERE id=#{id}
	</update>
	<delete id="deleteScheduler" parameterType="scheduler">
		DELETE FROM scheduler
		WHERE id=#{id}
	</delete>
</mapper>