<?xml version="1.0" encoding="UTF-8"?>
<!DOCTYPE mapper
	PUBLIC "-//mybatis.org//DTD Mapper 3.0//EN"
	"http://mybatis.org/dtd/mybatis-3-mapper.dtd" >
<mapper namespace="final_project.dao.TaskDao">
	<resultMap type="task" id="taskResult"/>
	<resultMap type="project" id="projectResult"/>
	<resultMap type="member" id="memberResult"/>
	
	<select id="tlist" resultMap="taskResult" parameterType="sch">
		SELECT *
		FROM(
			SELECT ROWNUM rn, t.task_name, m.name, t.pro_state, t.PRO_STATENUM, t.sort, t.task_rank, t.task_sdate, t.deadline, t.task_co, p.PRO_CO, p.pro_title
			FROM task t 
				LEFT OUTER JOIN "MEMBER" m ON t.MEM_CO = m.MEM_CO
				LEFT OUTER JOIN project p ON t.PRO_CO = p.PRO_CO
			WHERE 1=1
			<if test="schType == 'task_name' and keyword != null and keyword != ''">
				AND t.task_name LIKE '%'|| #{ keyword } ||'%'
			</if>
			<if test="schType == 'name' and keyword != null and keyword != ''">
				AND m.name LIKE '%'|| #{ keyword } ||'%'
			</if>
			<if test="schType == 'pro_state' and keyword != null and keyword != ''">
				AND t.pro_state LIKE '%'|| #{ keyword } ||'%'
			</if>
			<if test="schType == 'sort' and keyword != null and keyword != ''">
				AND t.sort LIKE '%'|| #{ keyword } ||'%'
			</if>
		)
		WHERE rn BETWEEN #{ start }
		AND #{ end }
		ORDER BY PRO_STATENUM, TASK_RANK asc, DEADLINE asc
	</select>
	
	<select id="getCount" resultType="int" parameterType="sch">
		SELECT COUNT(*)
		FROM task t
		WHERE 1=1
		<if test="schType == 'task_name' and keyword != null and keyword != ''">
			AND task_name LIKE '%'|| #{ keyword } ||'%'
		</if>
		<if test="schType == 'name' and keyword != null and keyword != ''">
			AND name LIKE '%'|| #{ keyword } ||'%'
		</if>
		<if test="schType == 'pro_state' and keyword != null and keyword != ''">
			AND pro_state LIKE '%'|| #{ keyword } ||'%'
		</if>
		<if test="schType == 'sort' and keyword != null and keyword != ''">
			AND sort LIKE '%'|| #{ keyword } ||'%'
		</if>
	</select>
	
	<!-- 프로젝트 별 정렬 -->
	<select id="ptlist" resultMap="taskResult">
		SELECT t.PRO_STATE, t.task_rank, t.task_name, m.name, t.SORT,t.deadline, t.task_co, p.PRO_CO
			FROM task t
			LEFT OUTER JOIN "MEMBER" m ON t.MEM_CO = m.MEM_CO
			LEFT OUTER JOIN project p ON t.PRO_CO = p.PRO_CO
		WHERE t.PRO_CO= #{PRO_CO, jdbcType=VARCHAR}
		order by PRO_STATEnum, TASK_RANK
	</select>
	
	<!-- Task getTask(String task_co); -->
	<select id="getTask" resultType="task" parameterType="String">
		SELECT *
		FROM task t
		WHERE task_co = #{ task_co }
	</select>
	
	<select id="getProject" resultMap="projectResult" parameterType="project">
		SELECT *
		FROM PROJECT
	</select>
	
	<select id="getMember" resultMap="memberResult">
		SELECT *
		FROM member
		WHERE mem_sort = 'member'
	</select>
	
	<!-- 업무 입력 -->
	<insert id="insertTask" parameterType="task">
		INSERT INTO task
		VALUES('T-'||task_seq.NEXTVAL, (SELECT mem_co FROM member WHERE name = #{ name }), 
			(SELECT pro_co FROM project WHERE pro_title = #{ pro_title }), #{ task_name }, 
			#{ pro_state }, #{ pro_statenum }, #{ sort }, #{ task_rank }, #{ difficulty }, 
			#{ task_sdate }, #{ deadline }, #{ pro_title }, #{ name }, #{ task_content })
	</insert>
	
	<update id="updateTask" parameterType="task">
		UPDATE TASK
		SET pro_title = #{ pro_title }, name = #{ name }, task_rank = #{ task_rank }, 
			task_name = #{ task_name }, sort = #{ sort }, pro_state = #{ pro_state }, 
			pro_statenum = #{ pro_statenum }, difficulty = #{ difficulty }, 
			task_sdate = #{ task_sdate }, deadline = #{ deadline }, task_content = #{ task_content }
		WHERE task_co = #{ task_co }	
	</update>
	
	<insert id="fileUpload" parameterType="tfile">
		INSERT INTO task_file
		VALUES('T-'||tsk_file_seq.nextval, #{ task_file_name }, #{ task_file_content })
	</insert>
	
	<select id="getFile" resultType="tfile" parameterType="String">
		SELECT t.TASK_FILE_CO task_co, t.TASK_FILE_NAME, t.TASK_FILE_CONTENT
		FROM task_file t
		WHERE task_file_co = (SELECT task_co FROM task WHERE task_co = #{ task_co })
	</select>
	
	<update id="updateFile" parameterType="tfile">
		MERGE INTO task_file t
		USING DUAL
		ON (t.task_file_co = #{ task_file_co })
		WHEN MATCHED THEN
			UPDATE SET task_file_name = #{ task_file_name }
		WHEN NOT MATCHED THEN
			INSERT VALUES(#{ task_file_co }, #{ task_file_name }, #{ task_file_content })
	</update>
	
</mapper>